y,disp,f,t,rel,note
-30000,"Long before 30,000 BBY",SS,"""The Silent Circle"" — <em>Myths & Fables</em>",2020-10-07,
-30000,"By 30,000 BBY",SS,"""The Skiff & the Galleons"" — <em>Myths & Fables</em>",2020-10-07,
-25000,"25,000 BBY",F,Untitled <em>Star Wars</em> film (James Mangold),,
-2026,By 2026 BBY,SS,"""Vengeful Waves"" — <em>Myths & Fables</em>",2019-08-06,
-1032,By 1032 BBY,SS,"""The Gilded Cage"" — <em>Dark Legends</em>",2020-07-28,
-1032,By 1032 BBY,SS,"""Gaze of Stone"" — <em>Myths & Fables</em>",2019-08-06,
-1032,By 1032 BBY,SS,"""A Life Immortal"" — <em>Dark Legends</em>",2020-07-28,
-1032,During or after 1032 BBY,SS,"""Blood Moon"" — <em>Dark Legends</em>",2020-07-28,
-396,c. 396 BBY,SS,"""The Queen's Bloom"" — <em>The High Republic: Tales of Light and Life</em>",2023-09-05,
-382,382 BBY,SS,"""Tales of Enlightenment: New Prospects"" — <em>Star Wars Insider</em> 213–214",2022-09-13,
-382,382 BBY,N,<em>The High Republic: Convergence</em>,2022-11-22,
-382,382 BBY,JR,<em>The High Republic: Quest for the Hidden City</em>,2022-11-01,Occurs concurrently with <em>The High Republic: Convergence</em>.
-382,382 BBY,N,<em>The High Republic: Path of Deceit</em>,2022-10-04,
-382,382 BBY,C,<em>The High Republic Adventures: Quest of the Jedi</em>,2023-04-26,
-382,382 BBY,C,<em>The High Republic — The Blade</em> 1,2022-12-28,
-382,382 BBY,C,<em>The High Republic — The Blade</em> 2,2023-01-25,
-382,382 BBY,C,<em>The High Republic — The Blade</em> 3,2023-03-01,
-382,382 BBY,C,<em>The High Republic — The Blade</em> 4,2023-03-29,
-382,382 BBY,SS,"""Tales of Enlightenment: A Different Perspective"" — <em>Star Wars Insider</em> 215",2022-12-06,
-382,382 BBY,C,<em>The High Republic Adventures</em> (2022) 1,2022-11-30,
-382,382 BBY,C,<em>The High Republic Adventures</em> (2022) 2,2023-01-11,
-382,382 BBY,C,<em>The High Republic Adventures</em> (2022) 3,2023-03-15,
-382,382 BBY,C,<em>The High Republic Adventures</em> (2022) 4,2023-05-03,
-382,382 BBY,A,<em>The High Republic: The Battle of Jedha</em>,2023-01-03,
-382,382 BBY,SS,"""Tales of Enlightenment: The Unusual Suspect"" — <em>Star Wars Insider</em> 216",2023-02-07,
-382,382 BBY,C,"""Peace and Unity"" — <em>The High Republic</em> (2022) 1",2022-10-12,
-382,382 BBY,C,<em>The High Republic</em> (2022) 1,2022-10-12,
-382,382 BBY,C,<em>The High Republic</em> (2022) 2,2022-11-09,
-382,382 BBY,C,<em>The High Republic</em> (2022) 3,2022-12-28,
-382,382 BBY,C,<em>The High Republic</em> (2022) 4,2023-01-11,
-382,382 BBY,SS,"""Tales of Enlightenment: No Such Thing as a Bad Customer"" — <em>Star Wars Insider</em> 217–218",2023-03-14,
-382,382 BBY,C,<em>The High Republic</em> (2022) 5,2023-02-08,
-382,382 BBY,C,<em>The High Republic Adventures</em> (2022) 5,2023-05-10,
-382,382 BBY,C,<em>The High Republic Adventures</em> (2022) 6,2023-06-28,
-382,382 BBY,C,<em>The High Republic Adventures</em> (2022) 7,2023-06-28,
-382,382 BBY,C,<em>The High Republic Adventures</em> (2022) 8,2023-06-28,
-382,382 BBY,C,<em>The High Republic</em> (2022) 6,2023-03-08,
-382,382 BBY,C,<em>The High Republic</em> (2022) 7,2023-03-29,
-382,382 BBY,C,<em>The High Republic</em> (2022) 8,2023-04-12,
-382,382 BBY,C,<em>The High Republic</em> (2022) 9,2023-05-10,
-382,382 BBY,N,<em>The High Republic: Path of Vengeance</em>,2023-05-02,
-382,382 BBY,C,<em>The High Republic</em> (2022) 10,2023-05-24,
-382,382 BBY,N,<em>The High Republic: Cataclysm</em>,2023-04-04,
-382,382 BBY,JR,<em>The High Republic: Quest for Planet X</em>,2023-04-04,
-382,c. 382 BBY,SS,"""Tales of Enlightenment: Last Orders"" — <em>Star Wars Insider</em> 219",2023-06-13,
-379,c. 379 BBY,SS,"""Shield of the Jedi"" — <em>The High Republic: Tales of Light and Life</em>",2023-09-05,
-377,c. 377 BBY,SS,"""Tales of Enlightenment: Missing Pieces"" — <em>Star Wars Insider: The High Republic: Tales of Enlightenment</em>",2024-04-02,
-362,c. 362 BBY,C,<em>The High Republic Adventures – Pathfinders</em> 1,2026-03-25,
-362,c. 362 BBY,C,<em>The High Republic Adventures – Pathfinders</em> 2,2026-05-27,
-362,c. 362 BBY,C,<em>The High Republic Adventures – Pathfinders</em> 3,2026-07-08,
-362,c. 362 BBY,C,<em>The High Republic Adventures – Pathfinders</em> 4,2026-08-19,
-362,c. 362 BBY,C,<em>The High Republic Adventures – Pathfinders</em> 5,2026-09-09,
-362,c. 362 BBY,C,<em>The High Republic Adventures – Pathfinders</em> 6,2026-10-21,
-233,c. 233 BBY,TV,"<em>Star Wars: Young Jedi Adventures</em> — ""The Young Jedi""",2023-05-04,
-233,c. 233 BBY,YR,<em>Young Jedi Adventures: The Young Jedi</em>,2023-09-05,
-233,c. 233 BBY,YR,<em>Young Jedi Adventures: Première mission</em>,2024-01-10,
-233,c. 233 BBY,TV,"<em>Star Wars: Young Jedi Adventures</em> — ""Yoda's Mission""",2023-05-04,
-233,c. 233 BBY,TV,"<em>Star Wars: Young Jedi Adventures</em> — ""Meet the Young Jedi""",2023-03-27,
-233,c. 233 BBY,TV,"<em>Star Wars: Young Jedi Adventures</em> — ""Lys' Creature Caper""",2023-03-27,
-233,c. 233 BBY,TV,"<em>Star Wars: Young Jedi Adventures</em> — ""Nubs and the Flower Fiasco""",2023-04-03,
-233,c. 233 BBY,TV,"<em>Star Wars: Young Jedi Adventures</em> — ""Nash's Firehawk Frenzy""",2023-04-17,
-233,c. 233 BBY,TV,"<em>Star Wars: Young Jedi Adventures</em> — ""Taborr's Pirate Showdown""",2023-04-24,
-233,c. 233 BBY,TV,"<em>Star Wars: Young Jedi Adventures</em> — ""Nash's Race Day""",2023-05-04,
-233,c. 233 BBY,TV,"<em>Star Wars: Young Jedi Adventures</em> — ""Kai's Daring Droid Rescue""",2023-03-27,
-233,c. 233 BBY,TV,"<em>Star Wars: Young Jedi Adventures</em> — ""The Lost Jedi Ship""",2023-05-04,
-233,c. 233 BBY,TV,"<em>Star Wars: Young Jedi Adventures</em> — ""Get Well Nubs""",2023-05-04,
-233,c. 233 BBY,TV,"<em>Star Wars: Young Jedi Adventures</em> — ""The Junk Giant""",2023-05-04,
-233,c. 233 BBY,TV,"<em>Star Wars: Young Jedi Adventures</em> — ""Lys and the Snowy Mountain Rescue""",2023-05-04,
-233,c. 233 BBY,TV,"<em>Star Wars: Young Jedi Adventures</em> — ""Attack of the Training Droids""",2023-05-04,
-233,c. 233 BBY,TV,"<em>Star Wars: Young Jedi Adventures</em> — ""The Jellyfruit Pursuit""",2023-05-04,
-233,c. 233 BBY,TV,"<em>Star Wars: Young Jedi Adventures</em> — ""Creature Safari""",2023-05-04,
-233,c. 233 BBY,TV,"<em>Star Wars: Young Jedi Adventures</em> — ""Squadron""",2023-05-04,
-233,c. 233 BBY,TV,"<em>Star Wars: Young Jedi Adventures</em> — ""Forest Defenders""",2023-05-04,
-233,c. 233 BBY,TV,"<em>Star Wars: Young Jedi Adventures</em> — ""The Jedi and the Thief""",2023-05-04,
-233,c. 233 BBY,TV,"<em>Star Wars: Young Jedi Adventures</em> — ""The Missing Kibbin""",2023-05-04,
-233,c. 233 BBY,YR,<em>Young Jedi Adventures: Jedi Training</em>,2023-05-02,
-232,c. 233–232 BBY,VG,<em>Star Wars: Young Jedi Adventures: Galactic Training</em>,2023-06-23,
-233,c. 233 BBY,TV,"<em>Star Wars: Young Jedi Adventures</em> — ""The Girl and Her Gargantua""",2023-08-02,
-233,c. 233 BBY,TV,"<em>Star Wars: Young Jedi Adventures</em> — ""The Show Must Go On""",2023-08-02,
-233,c. 233 BBY,TV,"<em>Star Wars: Young Jedi Adventures</em> — ""The Princess and the Jedi""",2023-08-02,
-233,c. 233 BBY,TV,"<em>Star Wars: Young Jedi Adventures</em> — ""Kai's Bad Day""",2023-08-02,
-233,c. 233 BBY,TV,"<em>Star Wars: Young Jedi Adventures</em> — ""Visitor's Day""",2023-08-02,
-233,c. 233 BBY,TV,"<em>Star Wars: Young Jedi Adventures</em> — ""The Growing Green Danger""",2023-08-02,
-233,c. 233 BBY,TV,"<em>Star Wars: Young Jedi Adventures</em> — ""The Ganguls""",2023-08-02,
-233,c. 233 BBY,TV,"<em>Star Wars: Young Jedi Adventures</em> — ""Bad Eggs""",2023-08-02,
-233,c. 233 BBY,TV,"<em>Star Wars: Young Jedi Adventures</em> — ""Off the Rails""",2023-08-02,
-233,c. 233 BBY,TV,"<em>Star Wars: Young Jedi Adventures</em> — ""The Thieves of Tharnaka""",2023-08-02,
-233,c. 233 BBY,TV,"<em>Star Wars: Young Jedi Adventures</em> — ""Tree Troubles""",2023-08-02,
-233,c. 233 BBY,TV,"<em>Star Wars: Young Jedi Adventures</em> — ""Big Brother's Bounty""",2023-08-02,
-233,c. 233 BBY,TV,"<em>Star Wars: Young Jedi Adventures</em> — ""Charhound Chase""",2023-11-08,
-233,c. 233 BBY,TV,"<em>Star Wars: Young Jedi Adventures</em> — ""Creature Comforts""",2023-11-08,
-233,c. 233 BBY,TV,"<em>Star Wars: Young Jedi Adventures</em> — ""An Adventure with Yoda""",2023-11-08,
-233,c. 233 BBY,TV,"<em>Star Wars: Young Jedi Adventures</em> — ""The Talon Takeover""",2023-11-08,
-233,c. 233 BBY,TV,"<em>Star Wars: Young Jedi Adventures</em> — ""Mystery of the Opal Cave""",2023-11-08,
-233,c. 233 BBY,TV,"<em>Star Wars: Young Jedi Adventures</em> — ""Clash""",2023-11-08,
-233,c. 233 BBY,TV,"<em>Star Wars: Young Jedi Adventures</em> — ""Stuck in the Muck""",2023-11-08,
-233,c. 233 BBY,TV,"<em>Star Wars: Young Jedi Adventures</em> — ""Junkyard Sleepover""",2023-11-08,
-233,c. 233 BBY,TV,"<em>Star Wars: Young Jedi Adventures</em> — ""The Great Leaf Glide""",2023-11-08,
-233,c. 233 BBY,TV,"<em>Star Wars: Young Jedi Adventures</em> — ""The Harvest Feast""",2023-11-08,
-233,233 BBY,TV,"<em>Star Wars: Young Jedi Adventures</em> — ""Life Day""",2023-11-08,
-232,233–232 BBY,TV,"<em>Star Wars: Young Jedi Adventures</em> — ""Raxlo Strikes Back""",2023-11-08,
-232,233–232 BBY,TV,"<em>Star Wars: Young Jedi Adventures</em> — ""Aftershock""",2024-02-14,
-232,233–232 BBY,TV,"<em>Star Wars: Young Jedi Adventures</em> — ""Feather Frenzy""",2024-02-14,
-232,233–232 BBY,TV,"<em>Star Wars: Young Jedi Adventures</em> — ""Best Friends""",2024-02-14,
-232,233–232 BBY,TV,"<em>Star Wars: Young Jedi Adventures</em> — ""Happy Trails, Nubs""",2024-02-14,
-232,233–232 BBY,TV,"<em>Star Wars: Young Jedi Adventures</em> — ""The Tale of Short Spire""",2024-02-14,
-232,233–232 BBY,TV,"<em>Star Wars: Young Jedi Adventures</em> — ""The Team Up""",2024-02-14,
-232,233–232 BBY,TV,"<em>Star Wars: Young Jedi Adventures</em> — ""The Caves of Batuu""",2024-03-01,
-232,233–232 BBY,TV,"<em>Star Wars: Young Jedi Adventures</em> — ""Finders Keepers""",2024-03-01,
-232,233–232 BBY,TV,"<em>Star Wars: Young Jedi Adventures</em> — ""The Starship Show""",2024-03-08,
-232,233–232 BBY,TV,"<em>Star Wars: Young Jedi Adventures</em> — ""Nash's Super Busy Day""",2024-03-08,
-232,232 BBY,TV,"<em>Star Wars: Young Jedi Adventures</em> — ""The Prince and the Pirate""",2024-03-15,
-232,232 BBY,YR,<em>Young Jedi Adventures: Pop-Up Peekaboo!</em>,2024-06-04,
-232,232 BBY,N,<em>The High Republic: Into the Dark</em>,2021-02-02,Occurs prior to and concurrently with <em>The High Republic: Light of the Jedi</em>.
-232,232 BBY,N,<em>The High Republic: Light of the Jedi</em>,2021-01-05,
-232,232 BBY,YR,<em>The High Republic: The Great Jedi Rescue</em>,2021-01-05,
-232,232 BBY,SS,"""Starlight: Go Together"" — <em>Star Wars Insider</em> 199–200",2020-12-15,
-232,232 BBY,C,<em>The High Republic Adventures</em> (2021) 1,2021-02-03,
-232,232 BBY,C,<em>The High Republic Adventures</em> (2021) 2,2021-03-03,
-231,232–231 BBY,C,"<em>The High Republic: The Edge of Balance, Vol. 1</em>",2021-09-07,
-232,232 BBY,JR,<em>The High Republic: A Test of Courage</em>,2021-01-05,
-232,232 BBY,C,<em>The High Republic</em> (2021) 1,2021-01-06,
-232,232 BBY,YR,<em>The High Republic: Jedi Brave in Every Way</em>,2023-10-10,
-233,c. 233 BBY–232 BBY,TV,"<em>Star Wars: Fun with Nubs</em> — ""Nubs Loses his Lightsaber""",2024-06-14,
-233,c. 233 BBY–232 BBY,TV,"<em>Star Wars: Fun with Nubs</em> — ""RJ Repairs the Firehawk""",2024-06-14,
-232,c. 232 BBY,TV,"<em>Star Wars: Young Jedi Adventures</em> — ""Heroes and Hotshots""",2024-08-14,
-232,232 BBY,SS,"""Starlight: First Duty"" — <em>Star Wars Insider</em> 201–202",2021-03-30,
-232,232 BBY,C,<em>The High Republic</em> (2021) 2,2021-02-03,
-232,c. 232 BBY,SS,<em>Life Day Treasury</em>,2021-09-07,
-231,231 BBY,N,<em>The High Republic: The Rising Storm</em>,2021-06-29,
-231,231 BBY,JR,<em>The High Republic: Race to Crashpoint Tower</em>,2021-06-29,
-231,231 BBY,YR,<em>The High Republic: Showdown at the Fair</em>,2021-10-05,
-231,231 BBY,C,<em>The High Republic: Trail of Shadows</em> 1,2021-10-13,
-231,231 BBY,N,<em>The High Republic: Out of the Shadows</em>,2021-07-27,
-231,231 BBY,A,<em>The High Republic: Tempest Runner</em>,2021-08-31,
-230,230 BBY,JR,<em>The High Republic: Mission to Disaster</em>,2022-01-04,
-230,230 BBY,N,<em>The High Republic: Midnight Horizon</em>,2022-02-01,
-230,230 BBY,YR,<em>The High Republic: The Battle for Starlight</em>,2022-02-01,
-230,230 BBY,N,<em>The High Republic: The Fallen Star</em>,2022-01-04,
-230,230 BBY,C,<em>The High Republic: Eye of the Storm</em> 1,2022-01-12,
-229,229 BBY,JR,<em>The High Republic: Escape from Valo</em>,2024-01-30,
-228,229—228 BBY,N,<em>The High Republic: The Eye of Darkness</em>,2023-11-14,
-228,228 BBY,N,<em>The High Republic: Defy the Storm</em>,2024-03-05,
-228,228 BBY,N,<em>The High Republic: Temptation of the Force</em>,2024-06-11,
-228,228 BBY,N,<em>The High Republic: Tears of the Nameless</em>,2024-09-24,
-228,228 BBY,JR,<em>The High Republic: Beware the Nameless</em>,2024-08-27,
-228,228 BBY,A,<em>The High Republic: Seeds of Starlight</em>,2024-11-14,
-228,228 BBY,A,<em>The High Republic: Haunted Starlight</em>,2025-03-06,
-228,228 BBY,A,<em>The High Republic: Tempest Breaker</em>,2024-12-03,
-228,228 BBY,N,<em>The High Republic: Into the Light</em>,2025-04-01,
-228,228 BBY,N,<em>The High Republic: Trials of the Jedi</em>,2025-06-17,
-228,228 BBY,JR,<em>The High Republic: A Valiant Vow</em>,2025-05-06,
-200,200 BBY,N,<em>The Vow of Silver Dawn</em>,2020-12-17,
-160,c. 160 BBY,N,<em>The Acolyte: Wayseeker</em>,2025-05-06,
-149,c. 149 BBY,C,<em>The Acolyte - Kelnacca</em> 1,2024-09-04,
-148,148 BBY,TV,"<em>Star Wars: The Acolyte</em> — ""Choice""",2024-07-09,
-148,148 BBY,TV,"<em>Star Wars: The Acolyte</em> — ""Destiny""",2024-06-11,
-134,134 BBY,N,<em>The Acolyte: The Crystal Crown</em>,2025-07-29,
-132,132 BBY,TV,"<em>Star Wars: The Acolyte</em> — ""Lost / Found""",2024-06-04,
-132,132 BBY,TV,"<em>Star Wars: The Acolyte</em> — ""Revenge / Justice""",2024-06-04,
-132,132 BBY,TV,"<em>Star Wars: The Acolyte</em> — ""Day""",2024-06-18,
-132,132 BBY,TV,"<em>Star Wars: The Acolyte</em> — ""Night""",2024-06-25,
-132,132 BBY,TV,"<em>Star Wars: The Acolyte</em> — ""Teach / Corrupt""",2024-07-02,
-132,132 BBY,TV,"<em>Star Wars: The Acolyte</em> — ""The Acolyte""",2024-07-16,
-58,Between c. 68–58 BBY,TV,"<em>Star Wars: Tales of the Jedi</em> — ""Justice""",2022-10-26,
-62,Between c. 62 BBY‐33 BBY,TV,"<em>Star Wars: Tales of the Underworld</em> — ""The Good Life""",2025-05-04,
-48,By 48 BBY,C,<em>Hyperspace Stories: Mace</em>,2026-10-20,
-48,By 48 BBY,C,<em>Mace Windu</em> 1,2024-02-07,
-48,By 48 BBY,C,<em>Mace Windu</em> 2,2024-03-13,
-48,By 48 BBY,C,<em>Mace Windu</em> 3,2024-04-17,
-48,By 48 BBY,C,<em>Mace Windu</em> 4,2024-05-15,
-50,Between c. 50 BBY and 48 BBY,TV,"<em>Star Wars: Tales of the Jedi</em> — ""Choices""",2022-10-26,
-41,41 BBY,N,<em>Padawan</em>,2022-07-26,
-40,40 BBY,N,<em>Master & Apprentice</em>,2019-04-16,
-37,37 BBY,C,<em>Age of Republic - Qui-Gon Jinn</em> 1,2018-12-05,
-35,36–35 BBY,TV,"<em>Star Wars: Tales of the Jedi</em> — ""Life and Death""",2022-05-28,
-33,33 BBY,N,<em>The Living Force</em>,2024-04-09,
-33,33 BBY,C,<em>Darth Maul</em> (2017) 1,2017-02-01,
-33,33 BBY,C,<em>Darth Maul</em> (2017) 2,2017-03-22,
-33,33 BBY,C,<em>Darth Maul</em> (2017) 3,2017-04-26,
-33,33 BBY,C,<em>Darth Maul</em> (2017) 4,2017-06-21,
-33,33 BBY,C,<em>Darth Maul</em> (2017) 5,2017-07-19,
-33,33 BBY,C,<em>Jango Fett</em> 1,2024-03-20,
-32,c. 32 BBY,C,<em>Age of Republic - Darth Maul</em> 1,2018-12-12,
-32,32 BBY,N,<em>Queen's Peril</em>,2020-06-02,
-32,32 BBY,F,<em>Star Wars</em>: Episode I <em>The Phantom Menace</em>,1999-05-19,
-32,32 BBY,N,<em>Mace Windu: The Glass Abyss</em>,2024-10-15,
-32,32 BBY,TV,"<em>Star Wars: Tales of the Jedi</em> — ""The Sith Lord""",2022-10-26,
-29,29 BBY,A,<em>Padawan's Pride</em>,2024-09-19,
-29,29 BBY,C,<em>Obi-Wan and Anakin</em> 1,2016-01-06,
-28,28 BBY,N,<em>Queen's Shadow</em>,2019-03-05,
-26,26 BBY,C,<em>Age of Republic - Count Dooku</em> 1,2019-02-13,
-26,26 BBY,A,<em>Mission Stories: Obi-Wan & Anakin</em>,2026-02-12,
-23,23 BBY,C,<em>Age of Republic - Jango Fett</em> 1,2019-01-09,
-23,23 BBY,A,<em>Dooku: Jedi Lost</em>,2019-04-30,
-22,22 BBY,F,<em>Star Wars</em>: Episode II <em>Attack of the Clones</em>,2002-05-16,
-14,22–14 BBY,N,<em>Inquisitor: Rise of the Red Blade</em>,2023-07-18,
-22,22 BBY,N,<em>Queen's Hope</em>,2022-01-25,
-22,22 BBY,C,<em>Jedi of the Republic – Mace Windu</em> 1,2017-08-30,
-22,22 BBY,N,<em>Brotherhood</em>,2022-05-10,
-22,Between 22 BBY and 20 BBY,C,<em>Hyperspace Stories: Grievous</em>,2026-03-17,
-22,22 BBY,C,<em>Age of Republic - Anakin Skywalker</em> 1,2019-02-06,
-22,22 BBY,TV,"<em>Star Wars: The Clone Wars</em> — ""Cat and Mouse""",2010-03-20,
-22,22 BBY,TV,"<em>Star Wars: The Clone Wars</em> — ""The Hidden Enemy""",2009-02-06,
-22,22 BBY,F,<em>Star Wars: The Clone Wars</em> film,2008-08-14,
-22,22 BBY,TV,"<em>Star Wars: The Clone Wars</em> — ""Clone Cadets""",2010-09-17,
-22,22 BBY,TV,"<em>Star Wars: The Clone Wars</em> — ""Supply Lines""",2010-09-24,
-22,22 BBY,TV,"<em>Star Wars: The Clone Wars</em> — ""Ambush""",2008-10-03,
-22,22 BBY,TV,"<em>Star Wars: The Clone Wars</em> — ""Rising <em>Malevolence</em>""",2008-10-03,
-22,22 BBY,TV,"<em>Star Wars: The Clone Wars</em> — ""Shadow of <em>Malevolence</em>""",2008-10-10,
-22,22 BBY,TV,"<em>Star Wars: The Clone Wars</em> — ""Destroy <em>Malevolence</em>""",2008-10-17,
-22,22 BBY,TV,"<em>Star Wars: The Clone Wars</em> — ""Rookies""",2008-10-24,
-22,22 BBY,TV,"<em>Star Wars: The Clone Wars</em> — ""Downfall of a Droid""",2008-11-07,
-22,22 BBY,TV,"<em>Star Wars: The Clone Wars</em> — ""Duel of the Droids""",2008-11-14,
-22,22 BBY,TV,"<em>Star Wars: The Clone Wars</em> — ""Bombad Jedi""",2008-11-21,
-21,21 BBY,TV,"<em>Star Wars: The Clone Wars</em> — ""Cloak of Darkness""",2008-12-05,
-21,21 BBY,TV,"<em>Star Wars: The Clone Wars</em> — ""Lair of Grievous""",2008-12-12,
-21,21 BBY,TV,"<em>Star Wars: The Clone Wars</em> — ""Dooku Captured""",2009-01-02,
-21,21 BBY,TV,"<em>Star Wars: The Clone Wars</em> — ""The Gungan General""",2009-01-09,
-21,21 BBY,A,<em>Choose Your Destiny: A Clone Trooper Mission</em>,2019-06-XX,
-21,21 BBY,TV,"<em>Star Wars: The Clone Wars</em> — ""Jedi Crash""",2009-01-16,
-21,21 BBY,TV,"<em>Star Wars: The Clone Wars</em> — ""Defenders of Peace""",2009-01-23,
-21,21 BBY,TV,"<em>Star Wars: The Clone Wars</em> — ""Trespass""",2009-01-30,
-21,21 BBY,TV,"<em>Star Wars: The Clone Wars</em> — ""Blue Shadow Virus""",2009-02-13,
-21,21 BBY,TV,"<em>Star Wars: The Clone Wars</em> — ""Mystery of a Thousand Moons""",2009-02-13,
-21,21 BBY,TV,"<em>Star Wars: The Clone Wars</em> — ""Storm Over Ryloth""",2009-02-27,
-21,21 BBY,TV,"<em>Star Wars: The Clone Wars</em> — ""Innocents of Ryloth""",2009-03-06,
-21,21 BBY,TV,"<em>Star Wars: The Clone Wars</em> — ""Liberty on Ryloth""",2009-03-13,
-21,21 BBY,TV,"<em>Star Wars: The Clone Wars</em> — ""Holocron Heist""",2009-10-02,
-21,21 BBY,TV,"<em>Star Wars: The Clone Wars</em> — ""Cargo of Doom""",2009-10-02,
-21,21 BBY,TV,"<em>Star Wars: The Clone Wars</em> — ""Children of the Force""",2009-10-09,
-21,21 BBY,TV,"<em>Star Wars: The Clone Wars</em> — ""Bounty Hunters""",2010-03-27,
-21,21 BBY,TV,"<em>Star Wars: The Clone Wars</em> — ""The Zillo Beast""",2010-04-03,
-21,21 BBY,TV,"<em>Star Wars: The Clone Wars</em> — ""The Zillo Beast Strikes Back""",2010-04-10,
-21,21 BBY,TV,"<em>Star Wars: The Clone Wars</em> — ""Senate Spy""",2009-10-16,
-21,21 BBY,TV,"<em>Star Wars: The Clone Wars</em> — ""Landing at Point Rain""",2009-11-04,
-21,21 BBY,TV,"<em>Star Wars: The Clone Wars</em> — ""Weapons Factory""",2009-11-13,
-21,21 BBY,TV,"<em>Star Wars: The Clone Wars</em> — ""Legacy of Terror""",2009-11-20,
-21,21 BBY,TV,"<em>Star Wars: The Clone Wars</em> — ""Brain Invaders""",2009-12-04,
-21,21 BBY,TV,"<em>Star Wars: The Clone Wars</em> — ""Grievous Intrigue""",2010-01-01,
-21,21 BBY,TV,"<em>Star Wars: The Clone Wars</em> — ""The Deserter""",2010-01-01,
-21,21 BBY,TV,"<em>Star Wars: The Clone Wars</em> — ""Lightsaber Lost""",2010-01-22,
-21,21 BBY,TV,"<em>Star Wars: The Clone Wars</em> — ""The Mandalore Plot""",2010-01-29,
-21,21 BBY,TV,"<em>Star Wars: The Clone Wars</em> — ""Voyage of Temptation""",2010-02-05,
-21,21 BBY,TV,"<em>Star Wars: The Clone Wars</em> — ""Duchess of Mandalore""",2010-02-12,
-17,21–17 BBY,N,<em>Catalyst: A Rogue One Novel</em>,2016-11-15,
-21,21 BBY,TV,"<em>Star Wars: The Clone Wars</em> — ""Death Trap""",2010-04-17,
-21,21 BBY,TV,"<em>Star Wars: The Clone Wars</em> — ""R2 Come Home""",2010-04-24,
-21,21 BBY,TV,"<em>Star Wars: The Clone Wars</em> — ""Lethal Trackdown""",2010-04-30,
-21,21 BBY,TV,"<em>Star Wars: The Clone Wars</em> — ""Corruption""",2010-10-08,
-21,21 BBY,TV,"<em>Star Wars: The Clone Wars</em> — ""The Academy""",2010-10-15,
-21,21 BBY,TV,"<em>Star Wars: The Clone Wars</em> — ""Assassin""",2010-10-22,
-21,21 BBY,TV,"<em>Star Wars: The Clone Wars</em> — ""ARC Troopers""",2010-09-17,
-21,21 BBY,TV,"<em>Star Wars: The Clone Wars</em> — ""Sphere of Influence""",2010-10-01,
-21,21 BBY,TV,"<em>Star Wars: The Clone Wars</em> — ""Evil Plans""",2010-11-05,
-21,21 BBY,TV,"<em>Star Wars: The Clone Wars</em> — ""Hostage Crisis""",2009-03-20,
-21,21 BBY,TV,"<em>Star Wars: The Clone Wars</em> — ""Hunt for Ziro""",2010-11-12,
-21,21 BBY,TV,"<em>Star Wars: The Clone Wars</em> — ""Heroes on Both Sides""",2010-11-19,
-21,21 BBY,TV,"<em>Star Wars: The Clone Wars</em> — ""Pursuit of Peace""",2010-12-03,
-21,21 BBY,TV,"<em>Star Wars: The Clone Wars</em> — ""Senate Murders""",2010-03-12,
-20,20 BBY,TV,"<em>Star Wars: The Clone Wars</em> — ""Nightsisters""",2011-01-07,
-20,20 BBY,TV,"<em>Star Wars: The Clone Wars</em> — ""Monster""",2011-01-14,
-20,20 BBY,TV,"<em>Star Wars: The Clone Wars</em> — ""Witches of the Mist""",2011-01-21,
-20,20 BBY,TV,"<em>Star Wars: The Clone Wars</em> — ""Overlords""",2011-01-28,
-20,20 BBY,TV,"<em>Star Wars: The Clone Wars</em> — ""Altar of Mortis""",2011-02-04,
-20,20 BBY,TV,"<em>Star Wars: The Clone Wars</em> — ""Ghosts of Mortis""",2011-02-11,
-20,20 BBY,TV,"<em>Star Wars: The Clone Wars</em> — ""The Citadel""",2011-02-18,
-20,20 BBY,TV,"<em>Star Wars: The Clone Wars</em> — ""Counterattack""",2011-03-04,
-20,20 BBY,TV,"<em>Star Wars: The Clone Wars</em> — ""Citadel Rescue""",2011-03-11,
-20,20 BBY,TV,"<em>Star Wars: The Clone Wars</em> — ""Padawan Lost""",2011-03-19,
-20,20 BBY,TV,"<em>Star Wars: The Clone Wars</em> — ""Wookiee Hunt""",2011-03-26,
-20,20 BBY,TV,"<em>Star Wars: The Clone Wars</em> — ""Water War""",2011-09-16,
-20,20 BBY,TV,"<em>Star Wars: The Clone Wars</em> — ""Gungan Attack""",2011-09-16,
-20,20 BBY,TV,"<em>Star Wars: The Clone Wars</em> — ""Prisoners""",2011-09-23,
-20,20 BBY,TV,"<em>Star Wars: The Clone Wars</em> — ""Shadow Warrior""",2011-09-30,
-20,20 BBY,TV,"<em>Star Wars: The Clone Wars</em> — ""Mercy Mission""",2011-10-07,
-20,20 BBY,TV,"<em>Star Wars: The Clone Wars</em> — ""Nomad Droids""",2011-10-14,
-20,20 BBY,TV,"<em>Star Wars: The Clone Wars</em> — ""Darkness on Umbara""",2011-10-28,
-20,20 BBY,TV,"<em>Star Wars: The Clone Wars</em> — ""The General""",2011-11-04,
-20,20 BBY,TV,"<em>Star Wars: The Clone Wars</em> — ""Plan of Dissent""",2011-11-11,
-20,20 BBY,TV,"<em>Star Wars: The Clone Wars</em> — ""Carnage of Krell""",2011-11-18,
-20,20 BBY,C,<em>Age of Republic - General Grievous</em> 1,2019-03-13,
-20,20 BBY,TV,"<em>Star Wars: The Clone Wars</em> — ""Kidnapped""",2011-11-25,
-20,20 BBY,TV,"<em>Star Wars: The Clone Wars</em> — ""Slaves of the Republic""",2011-12-02,
-20,20 BBY,TV,"<em>Star Wars: The Clone Wars</em> — ""Escape from Kadavo""",2012-01-06,
-20,20 BBY,TV,"<em>Star Wars: The Clone Wars</em> — ""A Friend in Need""",2012-01-13,
-20,20 BBY,TV,"<em>Star Wars: The Clone Wars</em> — ""Deception""",2012-01-20,
-20,20 BBY,TV,"<em>Star Wars: The Clone Wars</em> — ""Friends and Enemies""",2012-01-27,
-20,20 BBY,TV,"<em>Star Wars: The Clone Wars</em> — ""The Box""",2012-02-03,
-20,20 BBY,TV,"<em>Star Wars: The Clone Wars</em> — ""Crisis on Naboo""",2012-02-10,
-20,20 BBY,TV,"<em>Star Wars: The Clone Wars</em> — ""Massacre""",2012-02-24,
-20,20 BBY,TV,"<em>Star Wars: Tales of the Empire</em> — ""The Path of Fear""",2024-05-04,
-20,20 BBY,TV,"<em>Star Wars: The Clone Wars</em> — ""Bounty""",2012-03-02,
-20,20 BBY,TV,"<em>Star Wars: The Clone Wars</em> — ""Brothers""",2012-03-09,
-20,20 BBY,TV,"<em>Star Wars: The Clone Wars</em> — ""Revenge""",2012-03-14,
-20,20 BBY,TV,"<em>Star Wars: The Clone Wars</em> — ""A War on Two Fronts""",2012-09-21,
-20,20 BBY,TV,"<em>Star Wars: The Clone Wars</em> — ""Front Runners""",2012-10-12,
-20,20 BBY,TV,"<em>Star Wars: The Clone Wars</em> — ""The Soft War""",2012-10-19,
-20,20 BBY,TV,"<em>Star Wars: The Clone Wars</em> — ""Tipping Points""",2012-10-27,
-20,20 BBY,TV,"<em>Star Wars: The Clone Wars</em> — ""The Gathering""",2012-11-02,
-20,20 BBY,TV,"<em>Star Wars: The Clone Wars</em> — ""A Test of Strength""",2012-11-09,
-20,20 BBY,TV,"<em>Star Wars: The Clone Wars</em> — ""Bound for Rescue""",2012-11-16,
-20,20 BBY,TV,"<em>Star Wars: The Clone Wars</em> — ""A Necessary Bond""",2012-11-23,
-20,20 BBY,TV,"<em>Star Wars: The Clone Wars</em> — ""Secret Weapons""",2012-11-30,
-20,20 BBY,TV,"<em>Star Wars: The Clone Wars</em> — ""A Sunny Day in the Void""",2012-12-07,
-20,20 BBY,TV,"<em>Star Wars: The Clone Wars</em> — ""Missing in Action""",2013-01-04,
-20,20 BBY,TV,"<em>Star Wars: The Clone Wars</em> — ""Point of No Return""",2013-01-11,
-19,19 BBY,TV,"<em>Star Wars: The Clone Wars</em> — ""Revival""",2012-08-24,
-19,19 BBY,TV,"<em>Star Wars: The Clone Wars</em> — ""Eminence""",2013-01-18,
-19,19 BBY,TV,"<em>Star Wars: The Clone Wars</em> — ""Shades of Reason""",2013-01-25,
-19,19 BBY,TV,"<em>Star Wars: The Clone Wars</em> — ""The Lawless""",2013-02-01,
-19,19 BBY,TV,"<em>Star Wars: The Clone Wars</em> — ""Sabotage""",2013-02-08,
-19,19 BBY,TV,"<em>Star Wars: The Clone Wars</em> — ""The Jedi Who Knew Too Much""",2013-02-15,
-19,19 BBY,TV,"<em>Star Wars: The Clone Wars</em> — ""To Catch a Jedi""",2013-02-22,
-19,19 BBY,TV,"<em>Star Wars: The Clone Wars</em> — ""The Wrong Jedi""",2013-03-01,
-19,c. 19 BBY,N,<em>Thrawn Ascendancy: Chaos Rising</em>,2020-09-01,
-19,19 BBY,TV,"<em>Star Wars: The Clone Wars</em> — ""The Unknown""",2014-02-15,
-19,19 BBY,TV,"<em>Star Wars: The Clone Wars</em> — ""Conspiracy""",2014-02-15,
-19,19 BBY,TV,"<em>Star Wars: The Clone Wars</em> — ""Fugitive""",2014-02-15,
-19,19 BBY,TV,"<em>Star Wars: The Clone Wars</em> — ""Orders""",2014-02-15,
-19,19 BBY,TV,"<em>Star Wars: The Clone Wars</em> — ""An Old Friend""",2014-02-22,
-19,19 BBY,TV,"<em>Star Wars: The Clone Wars</em> — ""The Rise of Clovis""",2014-02-22,
-19,19 BBY,TV,"<em>Star Wars: The Clone Wars</em> — ""Crisis at the Heart""",2014-02-22,
-19,19 BBY,TV,"<em>Star Wars: The Clone Wars</em> — ""The Disappeared, Part I""",2014-03-01,
-19,19 BBY,TV,"<em>Star Wars: The Clone Wars</em> — ""The Disappeared, Part II""",2014-03-01,
-19,19 BBY,TV,"<em>Star Wars: The Clone Wars</em> — ""The Lost One""",2014-03-01,
-19,19 BBY,TV,"<em>Star Wars: The Clone Wars</em> — ""Voices""",2014-03-01,
-19,19 BBY,TV,"<em>Star Wars: The Clone Wars</em> — ""Destiny""",2014-03-07,
-19,19 BBY,TV,"<em>Star Wars: The Clone Wars</em> — ""Sacrifice""",2014-03-07,
-19,19 BBY,TV,"<em>Star Wars: The Clone Wars</em> — ""A Death on Utapau""",2014-09-25,
-19,19 BBY,TV,"<em>Star Wars: The Clone Wars</em> — ""In Search of the Crystal""",2014-09-25,
-19,19 BBY,TV,"<em>Star Wars: The Clone Wars</em> — ""Crystal Crisis""",2014-09-25,
-19,19 BBY,TV,"<em>Star Wars: The Clone Wars</em> — ""The Big Bang""",2014-09-25,
-19,19 BBY,VG,<em>Star Wars Zero Company</em>,2026-08-27,
-19,19 BBY,N,<em>Dark Disciple</em>,2015-07-07,
-19,19 BBY,C,<em>Darth Maul — Son of Dathomir</em> 1,2014-05-21,
-19,19 BBY,TV,"<em>Star Wars: The Clone Wars</em> — ""Gone with a Trace""",2020-03-20,
-19,19 BBY,TV,"<em>Star Wars: The Clone Wars</em> — ""Deal No Deal""",2020-03-27,
-19,19 BBY,TV,"<em>Star Wars: The Clone Wars</em> — ""Dangerous Debt""",2020-04-03,
-19,19 BBY,TV,"<em>Star Wars: The Clone Wars</em> — ""Together Again""",2020-04-10,
-19,19 BBY,TV,"<em>Star Wars: The Clone Wars</em> — ""The Bad Batch""",2020-02-21,
-19,19 BBY,TV,"<em>Star Wars: The Clone Wars</em> — ""A Distant Echo""",2020-02-28,
-19,19 BBY,TV,"<em>Star Wars: The Clone Wars</em> — ""On the Wings of Keeradaks""",2020-03-06,
-19,19 BBY,TV,"<em>Star Wars: The Clone Wars</em> — ""Unfinished Business""",2020-03-13,
-19,19 BBY–10 BBY,N,<em>Star Wars Outlaws: Low Red Moon</em>,2026-02-03,
-19,19 BBY,TV,"<em>Star Wars: The Clone Wars</em> — ""Old Friends Not Forgotten""",2020-04-17,
-19,19 BBY,F,<em>Star Wars</em>: Episode III <em>Revenge of the Sith</em>,2005-05-19,
-19,19 BBY,TV,"<em>Star Wars: The Clone Wars</em> — ""The Phantom Apprentice""",2020-04-24,
-19,19 BBY,TV,"<em>Star Wars: The Clone Wars</em> — ""Shattered""",2020-05-01,
-19,19 BBY,TV,"<em>Star Wars: The Bad Batch</em> — ""Aftermath""",2021-05-04,
-19,19 BBY,C,<em>Kanan</em> 2,2015-05-06,
-19,19 BBY,TV,"<em>Star Wars: The Clone Wars</em> — ""Victory and Death""",2020-05-04,
-19,19 BBY,C,<em>Darth Vader</em> (2017) 1,2017-06-07,
-19,19 BBY,TV,"<em>Star Wars: The Bad Batch</em> — ""Cut and Run""",2021-05-07,
-19,19 BBY,TV,"<em>Star Wars: The Bad Batch</em> — ""Replacements""",2021-05-14,
-19,19 BBY,TV,"<em>Star Wars: The Bad Batch</em> — ""Cornered""",2021-05-21,
-19,19 BBY,TV,"<em>Star Wars: The Bad Batch</em> — ""Rampage""",2021-05-28,
-19,19 BBY,TV,"<em>Star Wars: The Bad Batch</em> — ""Decommissioned""",2021-06-04,
-19,19 BBY,TV,"<em>Star Wars: The Bad Batch</em> — ""Battle Scars""",2021-06-11,
-19,19 BBY,TV,"<em>Star Wars: The Bad Batch</em> — ""Reunion""",2021-06-18,
-19,19 BBY,TV,"<em>Star Wars: The Bad Batch</em> — ""Bounty Lost""",2021-06-25,
-19,19 BBY,TV,"<em>Star Wars: The Bad Batch</em> — ""Common Ground""",2021-07-02,
-19,19 BBY,TV,"<em>Star Wars: The Bad Batch</em> — ""Devil's Deal""",2021-07-09,
-19,19 BBY,TV,"<em>Star Wars: The Bad Batch</em> — ""Rescue on Ryloth""",2021-07-16,
-19,19 BBY,TV,"<em>Star Wars: The Bad Batch</em> — ""Infested""",2021-07-23,
-19,19 BBY,N,<em>Reign of the Empire: The Mask of Fear</em>,2025-02-25,
-19,19 BBY,TV,"<em>Star Wars: The Bad Batch</em> — ""War-Mantle""",2021-07-30,
-19,19 BBY,TV,"<em>Star Wars: The Bad Batch</em> — ""Return to Kamino""",2021-08-06,
-19,19 BBY,TV,"<em>Star Wars: The Bad Batch</em> — ""Kamino Lost""",2021-08-13,
-19,19 BBY–18 BBY,TV,"<em>Star Wars: The Bad Batch</em> — ""Spoils of War""",2023-01-04,
-18,19–18 BBY,TV,"<em>Star Wars: The Bad Batch</em> — ""Ruins of War""",2023-01-04,
-18,19–18 BBY,TV,"<em>Star Wars: The Bad Batch</em> — ""The Solitary Clone""",2023-01-11,
-18,19–18 BBY,TV,"<em>Star Wars: The Bad Batch</em> — ""Faster""",2023-01-18,
-18,19–18 BBY,TV,"<em>Star Wars: The Bad Batch</em> — ""Entombed""",2023-01-25,
-18,19–18 BBY,TV,"<em>Star Wars: The Bad Batch</em> — ""Tribe""",2023-02-01,
-18,18 BBY,TV,"<em>Star Wars: The Bad Batch</em> — ""The Clone Conspiracy""",2023-02-08,
-18,18 BBY,TV,"<em>Star Wars: The Bad Batch</em> — ""Truth and Consequences""",2023-02-08,
-18,18 BBY,TV,"<em>Star Wars: Tales of the Underworld</em> — ""A Way Forward""",2025-05-02,
-18,18 BBY,TV,"<em>Star Wars: Tales of the Underworld</em> — ""Friends""",2025-05-02,
-18,18 BBY,TV,"<em>Star Wars: Tales of the Underworld</em> — ""One Warrior to Another""",2025-05-04,
-18,18 BBY,TV,"<em>Star Wars: The Bad Batch</em> — ""The Crossing""",2023-02-15,
-18,18 BBY,TV,"<em>Star Wars: The Bad Batch</em> — ""Retrieval""",2023-02-22,
-18,18 BBY,TV,"<em>Star Wars: The Bad Batch</em> — ""Metamorphosis""",2023-03-01,
-18,18 BBY,TV,"<em>Star Wars: The Bad Batch</em> — ""The Outpost""",2023-03-08,
-18,18 BBY,TV,"<em>Star Wars: The Bad Batch</em> — ""Pabu""",2023-03-15,
-18,18 BBY,N,<em>Sanctuary</em>,2025-08-05,
-18,18 BBY,TV,"<em>Star Wars: The Bad Batch</em> — ""Tipping Point""",2023-03-22,
-18,18 BBY,TV,"<em>Star Wars: The Bad Batch</em> — ""The Summit""",2023-03-29,
-18,18 BBY,TV,"<em>Star Wars: The Bad Batch</em> — ""Plan 99""",2023-03-29,
-18,18 BBY,C,<em>Kanan</em> 4,2015-07-22,
-18,18 BBY,N,<em>Ahsoka</em>,2016-10-11,
-18,c. 18 BBY,N,<em>Thrawn Ascendancy: Greater Good</em>,2021-04-27,
-18,18 BBY,JR,<em>Adventures in Wild Space: The Escape</em>,2016-02-25,
-18,18 BBY,N,<em>Thrawn Ascendancy: Lesser Evil</em>,2021-11-16,
-17,17 BBY,C,<em>Rogue One - Saw Gerrera</em> 1,2026-07-01,
-17,c. 17 BBY,TV,"<em>Star Wars: Maul - Shadow Lord</em> — ""Chapter 1: The Dark Revenge""",2026-04-06,
-15,c. 15 BBY,N,<em>Thrawn</em>,2017-04-11,
-14,14 BBY,N,<em>Lords of the Sith</em>,2015-04-28,
-14,14 BBY,N,<em>Tarkin</em>,2014-11-04,
-14,14 BBY,VG,<em>Star Wars Jedi: Fallen Order</em>,2019-11-15,
-14,14 BBY,C,<em>Jedi Fallen Order - Dark Temple</em> 1,2019-09-04,
-13,13 BBY,N,<em>Most Wanted</em>,2018-05-25,
-13,13 BBY,C,<em>Han Solo - Imperial Cadet</em> 1,2018-11-07,
-1,13–1 BBY,N,<em>Rebel Rising</em>,2017-05-02,
-11,c. 12–11 BBY,N,<em>Star Wars Jedi: Battle Scars</em>,2023-03-07,
-12,12 BBY–9 BBY,C,<em>Inquisitors</em> 1,2024-07-03,
-11,11 BBY,JR,<em>Lando's Luck</em>,2018-10-02,
-11,11 BBY,N,<em>A New Dawn</em>,2014-09-02,
-10,c. 10 BBY,C,<em>Beckett</em> 1,2018-08-15,
-10,10 BBY,F,<em>Solo: A Star Wars Story</em>,2018-05-25,
-10,10 BBY,N,<em>Solo: A Star Wars Story: Expanded Edition</em>,2018-09-04,
-10,c. 10 BBY,C,<em>Lando - Double or Nothing</em> 1,2018-05-30,
-10,c. 10 BBY,C,<em>Beyond Victory</em> 1,2025-04-18,
-10,c. 10 BBY,VG,<em>Star Wars: Beyond Victory - A Mixed Reality Playset</em>,2025-10-07,
-8,c. 8 BBY,A,<em>Mission Stories: Han & Chewie</em>,2026-07-23,
-2,c. 8–2 BBY,C,<em>Han Solo & Chewbacca</em> 1,2022-03-09,
-6,6 BBY–5 ABY,N,<em>Lost Stars</em>,2015-09-04,
-6,6 BBY,N,<em>Reign of the Empire: Edge of the Abyss</em>,2026-09-15,
-5,6–5 BBY,JR,<em>Servants of the Empire: Edge of the Galaxy</em>,2014-10-21,
-5,5 BBY,TV,"<em>Star Wars: Andor</em> — ""Kassa""",2022-09-21,
-5,5 BBY,TV,"<em>Star Wars: Andor</em> — ""That Would Be Me""",2022-09-21,
-5,5 BBY,TV,"<em>Star Wars: Andor</em> — ""Reckoning""",2022-09-21,
-5,5 BBY,TV,"<em>Star Wars: Andor</em> — ""Aldhani""",2022-09-28,
-5,5 BBY,TV,"<em>Star Wars: Andor</em> — ""The Axe Forgets""",2022-10-05,
-5,5 BBY,TV,"<em>Star Wars: Andor</em> — ""The Eye""",2022-10-12,
-5,5 BBY,TV,"<em>Star Wars: Andor</em> — ""Announcement""",2022-10-19,
-5,5 BBY,TV,"<em>Star Wars: Andor</em> — ""Narkina 5""",2022-10-26,
-5,5 BBY,TV,"<em>Star Wars: Andor</em> — ""Nobody's Listening!""",2022-11-02,
-5,5 BBY,TV,"<em>Star Wars: Andor</em> — ""One Way Out""",2022-11-09,
-5,5 BBY,TV,"<em>Star Wars: Andor</em> — ""Daughter of Ferrix""",2022-11-16,
-5,5 BBY,TV,"<em>Star Wars: Andor</em> — ""Rix Road""",2022-11-23,
-5,5 BBY,JR,<em>Ezra's Gamble</em>,2014-08-05,
-5,5 BBY,TV,"<em>Star Wars Rebels</em> — ""The Machine in the Ghost""",2014-08-11,
-5,5 BBY,TV,"<em>Star Wars Rebels</em> — ""Art Attack""",2014-08-18,
-5,5 BBY,TV,"<em>Star Wars Rebels</em> — ""Entanglement""",2014-08-25,
-5,5 BBY,TV,"<em>Star Wars Rebels</em> — ""Property of Ezra Bridger""",2014-09-01,
-5,5 BBY,TV,"<em>Star Wars Rebels</em> — ""Spark of Rebellion""",2014-09-26,
-5,5 BBY,TV,"<em>Star Wars Rebels</em> — ""Droids in Distress""",2014-10-03,
-5,5 BBY,TV,"<em>Star Wars Rebels</em> — ""Fighter Flight""",2014-10-13,
-5,5 BBY,TV,"<em>Star Wars Rebels</em> — ""Rise of the Old Masters""",2014-10-11,
-5,5 BBY,TV,"<em>Star Wars Rebels</em> — ""Breaking Ranks""",2014-10-27,
-5,5 BBY,TV,"<em>Star Wars Rebels</em> — ""Out of Darkness""",2014-11-03,
-4,4 BBY,TV,"<em>Star Wars Rebels</em> — ""Empire Day""",2014-11-10,
-4,4 BBY,TV,"<em>Star Wars Rebels</em> — ""Gathering Forces""",2014-11-17,
-4,4 BBY,TV,"<em>Star Wars Rebels</em> — ""Path of the Jedi""",2014-12-29,
-4,4 BBY,TV,"<em>Star Wars Rebels</em> — ""Idiot's Array""",2015-01-12,
-4,4 BBY,TV,"<em>Star Wars Rebels</em> — ""Vision of Hope""",2015-01-26,
-4,4 BBY,TV,"<em>Star Wars Rebels</em> — ""Call to Action""",2015-02-02,
-4,4 BBY,TV,"<em>Star Wars Rebels</em> — ""Rebel Resolve""",2015-02-16,
-4,4 BBY,TV,"<em>Star Wars Rebels</em> — ""Fire Across the Galaxy""",2015-03-02,
-4,4 BBY,TV,"<em>Star Wars: Andor</em> — ""One Year Later""",2025-04-22,
-4,4 BBY,TV,"<em>Star Wars: Andor</em> — ""Sagrona Teema""",2025-04-22,
-4,4 BBY,TV,"<em>Star Wars: Andor</em> — ""Harvest""",2025-04-22,
-4,4 BBY,TV,"<em>Star Wars Rebels</em> — ""The Siege of Lothal""",2015-04-18,
-4,4 BBY,TV,"<em>Star Wars Rebels</em> — ""The Lost Commanders""",2015-10-08,
-4,4 BBY,TV,"<em>Star Wars Rebels</em> — ""Relics of the Old Republic""",2015-10-08,
-4,4 BBY,TV,"<em>Star Wars Rebels</em> — ""Always Two There Are""",2015-10-28,
-4,4 BBY,TV,"<em>Star Wars Rebels</em> — ""Brothers of the Broken Horn""",2015-11-04,
-4,4 BBY,TV,"<em>Star Wars Rebels</em> — ""Wings of the Master""",2015-11-11,
-4,4 BBY,TV,"<em>Star Wars Rebels</em> — ""Blood Sisters""",2015-11-18,
-4,4 BBY,TV,"<em>Star Wars Rebels</em> — ""Stealth Strike""",2015-11-25,
-3,3 BBY,TV,"<em>Star Wars Rebels</em> — ""The Future of the Force""",2015-12-02,
-3,3 BBY,TV,"<em>Star Wars: Andor</em> — ""Ever Been to Ghorman?""",2025-04-29,
-3,3 BBY,TV,"<em>Star Wars: Andor</em> — ""I Have Friends Everywhere""",2025-04-29,
-3,3 BBY,TV,"<em>Star Wars: Andor</em> — ""What a Festive Evening""",2025-04-29,
-3,3 BBY,N,"<em>Leia, Princess of Alderaan</em>",2017-09-01,
-3,3 BBY,TV,"<em>Star Wars Rebels</em> — ""Legacy""",2015-12-09,
-3,3 BBY,TV,"<em>Star Wars Rebels</em> — ""A Princess on Lothal""",2016-01-20,
-3,3 BBY,TV,"<em>Star Wars Rebels</em> — ""The Protector of Concord Dawn""",2016-01-27,
-3,3 BBY,TV,"<em>Star Wars Rebels</em> — ""Legends of the Lasat""",2016-02-03,
-3,3 BBY,TV,"<em>Star Wars Rebels</em> — ""The Call""",2016-02-10,
-3,3 BBY,TV,"<em>Star Wars Rebels</em> — ""Homecoming""",2016-02-17,
-3,3 BBY,TV,"<em>Star Wars Rebels</em> — ""The Honorable Ones""",2016-02-24,
-3,3 BBY,TV,"<em>Star Wars Rebels</em> — ""Shroud of Darkness""",2016-03-02,
-3,3 BBY,TV,"<em>Star Wars Rebels</em> — ""The Forgotten Droid""",2016-03-16,
-3,3 BBY,TV,"<em>Star Wars Rebels</em> — ""The Mystery of Chopper Base""",2016-03-23,
-3,3 BBY,TV,"<em>Star Wars Rebels</em> — ""Twilight of the Apprentice""",2016-03-30,
-2,c. 2 BBY,C,<em>Age of Rebellion - Darth Vader</em> 1,2019-06-26,
-2,2 BBY,TV,"<em>Star Wars Rebels</em> — ""Steps Into Shadow""",2016-07-16,
-2,2 BBY,TV,"<em>Star Wars Rebels</em> — ""The Holocrons of Fate""",2016-10-01,
-2,2 BBY,TV,"<em>Star Wars Rebels</em> — ""The Antilles Extraction""",2016-10-08,
-2,2 BBY,TV,"<em>Star Wars Rebels</em> — ""Hera's Heroes""",2016-10-15,
-2,2 BBY,TV,"<em>Star Wars Rebels</em> — ""The Last Battle""",2016-10-22,
-2,2 BBY,TV,"<em>Star Wars Rebels</em> — ""Imperial Supercommandos""",2016-11-05,
-2,2 BBY,TV,"<em>Star Wars Rebels</em> — ""Iron Squadron""",2016-11-19,
-2,2 BBY,TV,"<em>Star Wars Rebels</em> — ""The Wynkahthu Job""",2016-11-26,
-2,2 BBY,TV,"<em>Star Wars Rebels</em> — ""An Inside Man""",2016-12-03,
-2,2 BBY,TV,"<em>Star Wars Rebels</em> — ""Visions and Voices""",2016-12-10,
-2,2 BBY,TV,"<em>Star Wars Rebels</em> — ""Ghosts of Geonosis""",2017-01-07,
-2,2 BBY,TV,"<em>Star Wars Rebels</em> — ""Warhead""",2017-01-14,
-2,2 BBY,TV,"<em>Star Wars Rebels</em> — ""Trials of the Darksaber""",2017-01-21,
-2,2 BBY,TV,"<em>Star Wars Rebels</em> — ""Legacy of Mandalore""",2017-02-18,
-2,2 BBY,TV,"<em>Star Wars: Andor</em> — ""Messenger""",2025-05-06,
-2,2 BBY,TV,"<em>Star Wars: Andor</em> — ""Who Are You?""",2025-05-06,
-2,2 BBY,TV,"<em>Star Wars Rebels</em> — ""Through Imperial Eyes""",2017-02-25,
-2,2 BBY,TV,"<em>Star Wars: Andor</em> — ""Welcome to the Rebellion""",2025-05-06,
-2,2 BBY,TV,"<em>Star Wars Rebels</em> — ""Secret Cargo""",2017-03-04,
-2,2 BBY,TV,"<em>Star Wars Rebels</em> — ""Double Agent Droid""",2017-03-11,
-2,2 BBY,TV,"<em>Star Wars Rebels</em> — ""Twin Suns""",2017-03-18,
-2,2 BBY,TV,"<em>Star Wars Rebels</em> — ""Zero Hour""",2017-03-25,
-2,2 BBY,N,<em>Thrawn: Alliances</em>,2018-07-24,
-1,1 BBY,TV,"<em>Star Wars Rebels</em> — ""Heroes of Mandalore""",2017-04-15,
-1,1 BBY,TV,"<em>Star Wars Rebels</em> — ""In the Name of the Rebellion""",2017-10-23,
-1,1 BBY,TV,"<em>Star Wars Rebels</em> — ""The Occupation""",2017-10-30,
-1,1 BBY,TV,"<em>Star Wars Rebels</em> — ""Flight of the Defender""",2017-10-30,
-1,1 BBY,TV,"<em>Star Wars Rebels</em> — ""Kindred""",2017-11-06,
-1,1 BBY,TV,"<em>Star Wars Rebels</em> — ""Rebel Assault""",2017-11-13,
-1,1 BBY,TV,"<em>Star Wars Rebels</em> — ""Jedi Night""",2018-02-19,
-1,1 BBY,N,<em>Thrawn: Treason</em>,2019-07-23,
-1,1 BBY,TV,"<em>Star Wars Rebels</em> — ""DUME""",2018-02-19,
-1,1 BBY,JR,<em>Guardians of the Whills</em>,2017-05-02,
-1,1 BBY,TV,"<em>Star Wars Rebels</em> — ""Wolves and a Door""",2018-02-26,
-1,1 BBY,TV,"<em>Star Wars Rebels</em> — ""A World Between Worlds""",2018-02-26,
-1,1 BBY,TV,"<em>Star Wars Rebels</em> — ""A Fool's Hope""",2018-03-05,
-1,1 BBY,TV,"<em>Star Wars Rebels</em> — ""Family Reunion – and Farewell""",2018-03-05,
-1,1 BBY,VG,<em>Star Wars: Secrets of the Empire</em>,2017-12-16,
-1,1 BBY,VG,<em>Vader Immortal – Episode I</em>,2019-05-21,
-1,1 BBY,VG,<em>Vader Immortal – Episode II</em>,2019-09-25,
-1,1 BBY,VG,<em>Vader Immortal – Episode III</em>,2019-11-21,
-1,c. 1 BBY,C,<em>Obi-Wan</em> 1,2022-05-04,
-1,1 BBY,VG,<em>Rogue One: Boots on the Ground</em>,2017-02-20,
-1,1 BBY,TV,"<em>Star Wars: Andor</em> — ""Make It Stop""",2025-05-13,
-1,1 BBY,TV,"<em>Star Wars: Andor</em> — ""Who Else Knows?""",2025-05-13,
-1,1 BBY,TV,"<em>Star Wars: Andor</em> — ""Jedha, Kyber, Erso""",2025-05-13,
-1,1 BBY,C,<em>Rogue One – Cassian Andor</em> 1,2026-05-06,
-1,1 BBY,F,<em>Rogue One: A Star Wars Story</em>,2016-12-16,
-1,1 BBY,N,<em>Rogue One: A Star Wars Story</em> novelization,2016-12-16,
-1,1 BBY,C,<em>Age of Rebellion - Grand Moff Tarkin</em> 1,2019-04-10,
-1,1 BBY–0 ABY,F,<em>Star Wars</em>: Episode IV <em>A New Hope</em>,1977-05-25,
0,0 ABY,C,<em>Princess Leia</em> 1,2015-03-04,
0,0 ABY,SS,"""Last Call at the Zero Angle"" — <em>Star Wars Insider</em> 156",2015-03-10,
0,0 ABY,C,<em>Lando</em> 1,2015-07-08,
0,0 ABY,C,<em>Chewbacca</em> (2015) 1,2015-10-14,
0,0 ABY,C,<em>Han Solo</em> 1,2016-06-15,
0,0 ABY,N,<em>Heir to the Jedi</em>,2015-03-03,
0,0 ABY,C,<em>Star Wars</em> (2015) 1,2015-01-14,
0,0 ABY,C,<em>Darth Vader</em> (2015) 1,2015-02-11,
0,0 ABY,A,<em>Doctor Aphra: An Audiobook Original</em>,2020-07-21,
0,0 ABY,C,<em>Doctor Aphra</em> (2016) 1,2016-12-07,
3,3 ABY,N,<em>Battlefront: Twilight Company</em>,2015-11-03,
3,3 ABY,F,<em>Star Wars</em>: Episode V <em>The Empire Strikes Back</em>,1980-05-21,
3,3 ABY,C,<em>Darth Vader</em> (2020) 1,2020-02-05,
3,3 ABY,C,<em>Star Wars</em> (2020) 1,2020-01-01,
3,3 ABY,C,<em>Bounty Hunters</em> 1,2020-03-11,
3,3 ABY,C,<em>Doctor Aphra</em> (2020) 1,2020-05-04,
3,3 ABY,C,<em>War of the Bounty Hunters Alpha</em> 1,2021-05-05,
3,3 ABY,C,<em>Crimson Reign</em> 1,2021-12-08,
3,3 ABY,VG,<em>Star Wars Outlaws</em>,2024-08-30,
4,4 ABY,C,<em>Return of the Jedi – The Empire</em> 1,2023-06-07,
4,4 ABY,F,<em>Star Wars</em>: Episode VI <em>Return of the Jedi</em>,1983-05-25,
4,4 ABY,C,<em>Battle of Jakku — Insurgency Rising</em> 1,2024-10-02,
4,4 ABY,N,<em>Aftermath</em>,2015-09-04,
4,4 ABY,N,<em>Alphabet Squadron</em>,2019-06-11,
4,4 ABY,VG,<em>Star Wars: Squadrons</em>,2020-10-02,
4,4 ABY,N,<em>Twin Crossroads</em>,2027-04-06,
5,c. 5 ABY,N,<em>Shadow Fall: An Alphabet Squadron Novel</em>,2020-06-23,
5,5 ABY,N,<em>Aftermath: Life Debt</em>,2016-07-12,
5,5 ABY,C,<em>Battle of Jakku — Republic Under Siege</em> 1,2024-11-20,
5,5 ABY,N,<em>Victory's Price: An Alphabet Squadron Novel</em>,2021-03-02,
5,5 ABY,N,<em>Aftermath: Empire's End</em>,2017-02-21,
5,During or after 5 ABY,VG,<em>Star Wars: Galactic Racer</em>,2026-10-06,
6,c. 6 ABY,C,<em>Star Wars</em> (2025) 1,2025-05-07,
7,7 ABY,N,<em>Last Shot</em>,2018-04-17,
9,9 ABY,JR,<em>Hunters: Battle for the Arena</em>,2023-03-07,
9,9 ABY,VG,<em>Star Wars: Hunters</em>,2021-11-16,
9,9 ABY,TV,"<em>Star Wars: The Mandalorian</em> — ""Chapter 1: The Mandalorian""",2019-11-12,
9,9 ABY,TV,"<em>Star Wars: The Mandalorian</em> — ""Chapter 2: The Child""",2019-11-15,
9,9 ABY,TV,"<em>Star Wars: The Mandalorian</em> — ""Chapter 3: The Sin""",2019-11-22,
9,9 ABY,TV,"<em>Star Wars: The Mandalorian</em> — ""Chapter 4: Sanctuary""",2019-11-29,
9,9 ABY,TV,"<em>Star Wars: The Mandalorian</em> — ""Chapter 5: The Gunslinger""",2019-12-06,
9,9 ABY,TV,"<em>Star Wars: The Mandalorian</em> — ""Chapter 6: The Prisoner""",2019-12-13,
9,9 ABY,TV,"<em>Star Wars: The Mandalorian</em> — ""Chapter 7: The Reckoning""",2019-12-18,
9,9 ABY,TV,"<em>Star Wars: The Mandalorian</em> — ""Chapter 8: Redemption""",2019-12-27,
9,9 ABY,TV,"<em>Star Wars: The Mandalorian</em> — ""Chapter 9: The Marshal""",2020-10-30,
9,9 ABY,TV,"<em>Star Wars: The Mandalorian</em> — ""Chapter 10: The Passenger""",2020-11-06,
9,9 ABY,TV,"<em>Star Wars: The Mandalorian</em> — ""Chapter 11: The Heiress""",2020-11-13,
9,9 ABY,TV,"<em>Star Wars: The Mandalorian</em> — ""Chapter 12: The Siege""",2020-11-20,
9,9 ABY,TV,"<em>Star Wars: The Mandalorian</em> — ""Chapter 13: The Jedi""",2020-11-27,
9,9 ABY,TV,"<em>Star Wars: The Mandalorian</em> — ""Chapter 14: The Tragedy""",2020-12-04,
9,9 ABY,TV,"<em>Star Wars: The Mandalorian</em> — ""Chapter 15: The Believer""",2020-12-11,
9,9 ABY,TV,"<em>Star Wars: The Mandalorian</em> — ""Chapter 16: The Rescue""",2020-12-18,
9,9 ABY,TV,"<em>Star Wars: The Book of Boba Fett</em> — ""Chapter 1: Stranger in a Strange Land""",2021-12-29,
9,9 ABY,TV,"<em>Star Wars: The Book of Boba Fett</em> — ""Chapter 2: The Tribes of Tatooine""",2022-01-05,
9,9 ABY,TV,"<em>Star Wars: The Book of Boba Fett</em> — ""Chapter 3: The Streets of Mos Espa""",2022-01-12,
9,9 ABY,TV,"<em>Star Wars: The Book of Boba Fett</em> — ""Chapter 4: The Gathering Storm""",2022-01-19,
9,c. 9 ABY,TV,"<em>Star Wars: The Book of Boba Fett</em> — ""Chapter 5: Return of the Mandalorian""",2022-01-26,
9,c. 9 ABY,TV,"<em>Star Wars: The Book of Boba Fett</em> — ""Chapter 6: From the Desert Comes a Stranger""",2022-02-02,
9,c. 9 ABY,TV,"<em>Star Wars: The Book of Boba Fett</em> — ""Chapter 7: In the Name of Honor""",2022-02-09,
9,9 ABY,TV,"<em>Star Wars: The Mandalorian</em> — ""Chapter 17: The Apostate""",2023-03-01,
9,9 ABY,TV,"<em>Star Wars: The Mandalorian</em> — ""Chapter 18: The Mines of Mandalore""",2023-03-08,
9,9 ABY,TV,"<em>Star Wars: The Mandalorian</em> — ""Chapter 19: The Convert""",2023-03-15,
9,9 ABY,TV,logo<em>Star Wars: Ahsoka</em>,,
9,9 ABY,TV,logo<em>Star Wars: Skeleton Crew</em>,,
34,34 ABY,N,<em>Canto Bight</em>,,
34,34 ABY,F,<em>Star Wars</em>: Episode VII <em>The Force Awakens</em>,,
34,34 ABY,TV,logo<em>Star Wars Resistance</em>,,
34,34 ABY,N,<em>Resistance Reborn</em>,,
34,34 ABY,F,<em>Star Wars</em>: Episode VIII <em>The Last Jedi</em>,,
34,34 ABY,N,<em>Spark of the Resistance</em>,,
35,35 ABY,F,<em>Star Wars</em>: Episode IX <em>The Rise of Skywalker</em>,,
35,35 ABY,F,Untitled trilogy (Simon Kinberg),,
50,50 ABY,F,Untitled film (Sharmeen Obaid-Chinoy),,
